company,email,website,linkedin
Acme Solutions,info@acmesolutions.com,https://www.acmesolutions.com,https://linkedin.com/company/acme-solutions
BlueWave Tech,contact@bluewavetech.io,https://bluewavetech.io,https://linkedin.com/company/blue-wave-tech
GreenLeaf Co.,support@greenleaf.co,http://greenleaf.co,https://linkedin.com/company/greenleaf
Skyline Marketing,hello@skylinemarketing.com,https://skylinemarketing.com,https://linkedin.com/company/skyline-marketing
Oceanic Ventures,inquiries@oceanicventures.com,https://oceanicventures.com,https://linkedin.com/company/oceanic-ventures
Quantum Analytics,team@quantumanalytics.ai,https://quantumanalytics.ai,https://linkedin.com/company/quantum-analytics
NextGen Apparel,sales@nextgenapparel.com,https://nextgenapparel.com,https://linkedin.com/company/nextgen-apparel
Solaris Energy,contact@solarisenergy.com,https://solarisenergy.com,https://linkedin.com/company/solaris-energy
Metro Builders,office@metrobuilders.org,http://metrobuilders.org,https://linkedin.com/company/metro-builders
Pioneer Logistics,support@pioneerlogistics.net,https://pioneerlogistics.net,https://linkedin.com/company/pioneer-logistics
